{
  "mbert": {
    "model": "mbert",
    "accuracy": 0.8787878787878788,
    "f1_weighted": 0.8804245399990082,
    "f1_macro": 0.8812353234184872,
    "inference_time_s": 1.2908672339999612,
    "ms_per_sample": 19.558594454544867,
    "model_size_mb": 711.422988,
    "intents": [
      "navigate",
      "pick",
      "place"
    ]
  },
  "xlmr": {
    "model": "xlmr",
    "accuracy": 0.9393939393939394,
    "f1_weighted": 0.9396927238131183,
    "f1_macro": 0.9402902926514759,
    "inference_time_s": 0.3991912660003436,
    "ms_per_sample": 6.048352515156721,
    "model_size_mb": 1112.18382,
    "intents": [
      "navigate",
      "pick",
      "place"
    ]
  }
}